-1628484097.987,0.0
0.25,-287274.0
0.26,1228.0
0.27,-892.0
0.28,-98.0
0.29,842.0
0.3,-1719.0
0.31,1841.0
0.32,-2242.0
0.33,-1276.0
0.33999999999999997,2061.0
0.35,1388.0
0.36,-373.0
0.37,-1309.0
0.38,643.0
0.39,-183.0
0.4,-1327.0
0.41000000000000003,-470.0
0.42000000000000004,1472.0
0.43,346.0
0.44,1174.0
0.45,522.0
0.45999999999999996,-3197.0
0.47,-1.0
0.48,2282.0
0.49,-238.0
0.5,-1713.0
0.51,46.0
0.52,1572.0
0.53,-167.0
0.54,-1162.0
0.55,731.0
0.56,1058.0
0.5700000000000001,201.0
0.58,-340.0
0.59,-836.0
0.6,2041.0
0.61,-1570.0
0.62,-780.0
0.63,1777.0
0.64,-18.0
0.65,572.0
0.66,-2410.0
0.67,795.0
0.6799999999999999,-174.0
0.69,-1027.0
0.7,2313.0
0.71,1305.0
0.72,987.0
0.73,-1960.0
0.74,-2588.0
0.75,1755.0
0.76,-761.0
0.77,-618.0
0.78,2368.0
0.79,-1601.0
0.8,-341.0
0.81,-705.0
0.8200000000000001,2004.0
0.83,874.0
0.84,-2831.0
0.85,1533.0
0.86,-1164.0
0.87,-419.0
0.88,1924.0
0.89,-875.0
0.9,-1914.0
0.91,-638.0
0.92,1885.0
0.9299999999999999,821.0
0.94,201.0
0.95,-743.0
0.96,-517.0
0.97,1845.0
0.98,-191.0
0.99,-921.0
1.0,-2023.0
1.01,725.0
1.02,2512.0
1.03,-1829.0
1.04,-441.0
1.05,2084.0
1.06,-1219.0
1.07,-707.0
1.08,-19.0
1.09,-1090.0
1.1,3501.0
1.11,-1009.0
1.12,-3080.0
1.13,407.0
1.1400000000000001,-85.0
1.15,1043.0
1.16,-44.0
1.17,1842.0
1.18,747.0
1.19,-363.0
1.2,995.0
1.21,-1726.0
1.22,-1775.0
1.23,1013.0
1.24,2219.0
1.25,665.0
1.26,-2167.0
1.27,-1087.0
1.28,1005.0
1.29,1936.0
1.3,42.0
1.31,-2623.0
1.32,800.0
1.33,1165.0
1.34,-1032.0
1.35,-2265.0
1.36,-540.0
1.37,1395.0
1.38,1559.0
1.3900000000000001,83.0
1.4,-2907.0
1.41,1585.0
1.42,1421.0
1.43,-1351.0
1.44,689.0
1.45,483.0
1.46,-9.0
1.47,44.0
1.48,1475.0
1.49,-2046.0
1.5,-1294.0
1.51,1764.0
1.52,-574.0
1.53,706.0
1.54,-504.0
1.55,-462.0
1.56,-1501.0
1.57,-244.0
1.58,3190.0
1.59,-1322.0
1.6,-502.0
1.61,-1156.0
1.62,1010.0
1.63,762.0
1.6400000000000001,-829.0
1.65,1558.0
1.66,-422.0
1.67,-772.0
1.68,-1776.0
1.69,1862.0
1.7,889.0
1.71,924.0
1.72,-677.0
1.73,-2214.0
1.74,1693.0
1.75,-1694.0
1.76,-1243.0
1.77,2760.0
1.78,3705.0
1.79,-3570.0
1.8,102.0
1.81,1131.0
1.82,-3605.0
1.83,-80.0
1.84,993.0
1.85,2819.0
1.86,-408.0
1.87,589.0
1.88,-2137.0
1.8900000000000001,-755.0
1.9,1714.0
1.91,711.0
1.92,741.0
1.93,-2479.0
1.94,967.0
1.95,-77.0
1.96,440.0
1.97,1317.0
1.98,-2326.0
1.99,122.0
2.0,1868.0
2.01,1083.0
2.02,-1363.0
2.03,-2479.0
2.04,613.0
2.05,1507.0
2.06,-2186.0
2.07,-1609.0
2.08,3175.0
2.09,10.0
2.1,-1594.0
2.11,167.0
2.12,358.0
2.13,3454.0
2.14,815.0
2.15,-3194.0
2.16,-1840.0
2.17,881.0
2.18,2277.0
2.19,-1487.0
2.2,-752.0
2.21,2960.0
2.22,-3911.0
2.23,278.0
2.24,1837.0
2.25,-376.0
2.26,757.0
2.27,-1182.0
2.28,3090.0
2.29,-343.0
2.3,-1973.0
2.31,-633.0
2.32,48.0
2.33,1467.0
2.34,-1740.0
2.35,-756.0
2.36,490.0
2.37,567.0
2.38,275.0
2.39,782.0
2.4,-1831.0
2.41,-1456.0
2.42,3528.0
2.43,-1572.0
2.44,541.0
2.45,822.0
2.46,-203.0
2.47,391.0
2.48,-2401.0
2.49,1775.0
2.5,548.0
2.51,-2364.0
2.52,-526.0
2.53,589.0
2.54,2933.0
2.55,1373.0
2.56,-1865.0
2.57,-1588.0
2.58,623.0
2.59,-950.0
2.6,-673.0
2.61,1862.0
2.62,-688.0
2.63,438.0
2.64,268.0
2.65,-1332.0
2.66,917.0
2.67,632.0
2.68,-1471.0
2.69,253.0
2.7,640.0
2.71,2797.0
2.72,-468.0
2.73,-3160.0
2.74,-1049.0
2.75,2026.0
2.76,2113.0
2.77,-3745.0
2.78,1767.0
2.79,-134.0
2.8,-84.0
2.81,292.0
2.82,-3033.0
2.83,1873.0
2.84,831.0
2.85,280.0
2.86,928.0
2.87,-680.0
2.88,-2296.0
2.89,122.0
2.9,1226.0
2.91,345.0
2.92,96.0
2.93,8.0
2.94,-569.0
2.95,-1488.0
2.96,1997.0
2.97,1402.0
2.98,-1635.0
2.99,-86.0
3.0,-755.0
3.01,-1017.0
3.02,947.0
3.03,1678.0
3.04,-567.0
3.05,-2018.0
3.06,1669.0
3.07,445.0
3.08,257.0
3.09,-486.0
3.1,-853.0
3.11,621.0
3.12,-3166.0
3.13,772.0
3.14,2443.0
3.15,-896.0
3.16,2237.0
3.17,-320.0
3.18,-310.0
3.19,142.0
3.2,-1344.0
3.21,-282.0
3.22,-336.0
3.23,2440.0
3.24,88.0
3.25,648.0
3.26,-1055.0
3.27,-482.0
3.28,-740.0
3.29,-1586.0
3.3,1916.0
3.31,-248.0
3.32,1419.0
3.33,-680.0
3.34,-2491.0
3.35,15.0
3.36,2224.0
3.37,336.0
3.38,-1094.0
3.39,169.0
3.4,-2185.0
3.41,446.0
3.42,-284.0
3.43,2237.0
3.44,1839.0
3.45,-2832.0
3.46,3201.0
3.47,-448.0
3.48,-1412.0
3.49,1896.0
3.5,-1603.0
3.51,-584.0
3.52,-904.0
3.53,345.0
3.54,881.0
3.55,356.0
3.56,677.0
3.57,-982.0
3.58,-2303.0
3.59,273.0
3.6,1182.0
3.61,-192.0
3.62,-549.0
3.63,-409.0
3.64,1873.0
3.65,1244.0
3.66,560.0
3.67,-1843.0
3.68,-878.0
3.69,1694.0
3.7,-1027.0
3.71,-2076.0
3.72,1875.0
3.73,265.0
3.74,-2091.0
3.75,150.0
3.76,2348.0
3.77,1617.0
3.78,-1588.0
3.79,-733.0
3.8,-806.0
3.81,2457.0
3.82,-456.0
3.83,-2332.0
3.84,587.0
3.85,199.0
3.86,684.0
3.87,-2759.0
3.88,2421.0
3.89,1559.0
3.9,-115.0
3.91,910.0
3.92,-2626.0
3.93,468.0
3.94,-126.0
3.95,-1457.0
3.96,384.0
3.97,1807.0
3.98,-854.0
3.99,2317.0
4.0,-288.0
4.01,-2769.0
4.02,1988.0
4.03,561.0
4.04,179.0
4.05,296.0
4.06,-1201.0
4.07,-2293.0
4.08,2299.0
4.09,1509.0
4.1,-3492.0
4.11,-3473.0
4.12,3564.0
4.13,3143.0
4.14,-1417.0
4.15,763.0
4.16,-1315.0
4.17,1982.0
4.18,820.0
4.19,-3853.0
4.2,-1520.0
4.21,3671.0
4.22,310.0
4.23,-3764.0
4.24,874.0
4.25,-817.0
4.26,2092.0
4.27,1633.0
4.28,-3791.0
4.29,2318.0
4.3,1697.0
4.31,-971.0
4.32,207.0
4.33,-2498.0
4.34,400.0
4.35,2373.0
4.36,688.0
4.37,-2369.0
4.38,150.0
4.39,1381.0
4.4,-391.0
4.41,-901.0
4.42,-325.0
4.43,2571.0
4.44,106.0
4.45,-1443.0
4.46,-1217.0
4.47,-2068.0
4.48,784.0
4.49,987.0
4.5,-845.0
4.51,2258.0
4.52,2395.0
4.53,-825.0
4.54,-2966.0
4.55,265.0
4.56,3588.0
4.57,-1482.0
4.58,-3384.0
4.59,419.0
4.6,2173.0
4.61,-1823.0
4.62,119.0
4.63,2631.0
4.64,-2258.0
4.65,-139.0
4.66,1304.0
4.67,1092.0
4.68,-2024.0
4.69,-1580.0
4.7,2004.0
4.71,181.0
4.72,-1334.0
4.73,-878.0
4.74,2891.0
4.75,-858.0
4.76,-2804.0
4.77,2658.0
4.78,2156.0
4.79,666.0
4.8,-1054.0
4.81,-1721.0
4.82,3331.0
4.83,232.0
4.84,-1779.0
4.85,365.0
4.86,-1054.0
4.87,-461.0
4.88,-85.0
4.89,-2.0
4.9,1321.0
4.91,1236.0
4.92,-857.0
4.93,-2297.0
4.94,-1286.0
4.95,1033.0
4.96,1261.0
4.97,-808.0
4.98,-2796.0
4.99,-989.0
5.0,1260.0
5.01,3117.0
5.02,1328.0
5.03,214.0
5.04,383.0
5.05,-507.0
5.06,-939.0
5.07,329.0
5.08,382.0
5.09,-1279.0
5.1,737.0
5.11,189.0
5.12,827.0
5.13,-2107.0
5.14,-252.0
5.15,1784.0
5.16,-3339.0
5.17,405.0
5.18,2233.0
5.19,-794.0
5.2,285.0
5.21,144.0
5.22,-2151.0
5.23,1455.0
5.24,966.0
5.25,-313.0
5.26,-501.0
5.27,-1944.0
5.28,748.0
5.29,1817.0
5.3,-2149.0
5.31,-651.0
5.32,2799.0
5.33,-791.0
5.34,-1785.0
5.35,1768.0
5.36,689.0
5.37,-1408.0
5.38,1653.0
5.39,-175.0
5.4,-1869.0
5.41,919.0
5.42,1212.0
5.43,-2050.0
5.44,-613.0
5.45,1690.0
5.46,-349.0
5.47,-1317.0
5.48,-562.0
5.49,3264.0
5.5,1148.0
5.51,-1865.0
5.52,-1527.0
5.53,2273.0
5.54,224.0
5.55,-2451.0
5.56,957.0
5.57,1720.0
5.58,341.0
5.59,-2937.0
5.6,1226.0
5.61,-625.0
5.62,357.0
5.63,613.0
5.64,-1875.0
5.65,2635.0
5.66,874.0
5.67,-1021.0
5.68,-1038.0
5.69,243.0
5.7,287.0
5.71,-31.0
5.72,-108.0
5.73,-1941.0
5.74,1466.0
5.75,952.0
5.76,-1661.0
5.77,-326.0
5.78,197.0
5.79,1370.0
5.8,213.0
5.81,12.0
5.82,-5.0
5.83,-1011.0
5.84,335.0
5.85,1205.0
5.86,-1465.0
5.87,709.0
5.88,-728.0
5.89,-1270.0
5.9,1766.0
5.91,1496.0
5.92,-31.0
5.93,-2032.0
5.94,-338.0
5.95,812.0
5.96,338.0
5.97,-2081.0
5.98,1329.0
5.99,1861.0
6.0,-2218.0
6.01,-2829.0
6.02,1564.0
6.03,2542.0
6.04,-1193.0
6.05,421.0
6.06,868.0
6.07,-27.0
6.08,-460.0
6.09,-2261.0
6.1,206.0
6.11,3624.0
6.12,2658.0
6.13,-739.0
6.14,-4090.0
6.15,-950.0
6.16,759.0
6.17,-502.0
6.18,442.0
6.19,-873.0
6.2,1372.0
6.21,1344.0
6.22,-2715.0
6.23,643.0
6.24,748.0
6.25,1738.0
6.26,-79.0
6.27,-2107.0
6.28,2501.0
6.29,-1103.0
6.3,-1541.0
6.31,778.0
6.32,1906.0
6.33,-221.0
6.34,-2476.0
6.35,713.0
6.36,-512.0
6.37,577.0
6.38,348.0
6.39,-1827.0
6.4,1832.0
6.41,361.0
6.42,-545.0
6.43,-126.0
6.44,-1123.0
6.45,1378.0
6.46,1656.0
6.47,-1304.0
6.48,-1083.0
6.49,3117.0
6.5,-1499.0
6.51,-1769.0
6.52,1343.0
6.53,-1270.0
6.54,774.0
6.55,303.0
6.56,-1510.0
6.57,-919.0
6.58,-50.0
6.59,1341.0
6.6,-1604.0
6.61,2116.0
6.62,753.0
6.63,-3221.0
6.64,1209.0
6.65,807.0
6.66,508.0
6.67,1314.0
6.68,-56.0
6.69,-2382.0
6.7,441.0
6.71,-1329.0
6.72,163.0
6.73,1771.0
6.74,-378.0
6.75,-668.0
6.76,-182.0
6.77,444.0
6.78,-382.0
6.79,1710.0
6.8,-28.0
6.81,-603.0
6.82,674.0
6.83,29.0
6.84,-2257.0
6.85,1861.0
6.86,2272.0
6.87,-1850.0
6.88,396.0
6.89,-1895.0
6.9,579.0
6.91,1274.0
6.92,-1322.0
6.93,940.0
6.94,-548.0
6.95,933.0
6.96,364.0
6.97,-607.0
6.98,-804.0
6.99,-741.0
7.0,745.0
7.01,-1772.0
7.02,2869.0
7.03,382.0
7.04,-2706.0
7.05,-1757.0
7.06,2454.0
7.07,2971.0
7.08,-1646.0
7.09,820.0
7.1,-1033.0
7.11,1715.0
7.12,1340.0
7.13,-2289.0
7.14,-425.0
7.15,-116.0
7.16,366.0
7.17,810.0
7.18,54.0
7.19,-2973.0
7.2,858.0
7.21,2145.0
7.22,-655.0
7.23,714.0
7.24,-3838.0
7.25,1703.0
7.26,1102.0
7.27,-2674.0
7.28,820.0
7.29,1142.0
7.3,-57.0
7.31,-2367.0
7.32,2604.0
7.33,2737.0
7.34,-1650.0
7.35,-65.0
7.36,39.0
7.37,-1661.0
7.38,0.0
7.39,-806.0
7.4,-1102.0
7.41,2437.0
7.42,339.0
7.43,-505.0
7.44,-114.0
7.45,1182.0
7.46,-652.0
7.47,-2794.0
7.48,2043.0
7.49,1653.0
7.5,-1765.0
7.51,-2315.0
7.52,1466.0
7.53,2158.0
7.54,-1438.0
7.55,-1088.0
7.56,839.0
7.57,-990.0
7.58,-505.0
7.59,2303.0
7.6,-1829.0
7.61,357.0
7.62,2035.0
7.63,-1066.0
7.64,238.0
7.65,-769.0
7.66,1160.0
7.67,-1371.0
7.68,1227.0
7.69,1541.0
7.7,-2441.0
7.71,246.0
7.72,117.0
7.73,1102.0
7.74,-2068.0
7.75,-997.0
7.76,700.0
7.77,2020.0
7.78,-103.0
7.79,-2833.0
7.8,3797.0
7.81,168.0
7.82,307.0
7.83,-383.0
7.84,-2675.0
7.85,-87.0
7.86,-416.0
7.87,2365.0
7.88,-495.0
7.89,200.0
7.9,197.0
7.91,-1167.0
7.92,1712.0
7.93,-1794.0
7.94,1773.0
7.95,1009.0
7.96,-101.0
7.97,1716.0
7.98,-2139.0
7.99,349.0
8.0,-745.0
8.01,126.0
8.02,-1234.0
8.03,600.0
8.04,1652.0
8.05,-4441.0
8.06,454.0
8.07,2787.0
8.08,1603.0
8.09,-2044.0
8.1,-1048.0
8.11,4616.0
8.12,-2460.0
8.13,-2347.0
8.14,-157.0
8.15,-1692.0
8.16,1595.0
8.17,647.0
8.18,-530.0
8.19,1740.0
8.2,1150.0
8.21,-2224.0
8.22,61.0
8.23,926.0
8.24,-1175.0
8.25,959.0
8.26,-33.0
8.27,-111.0
8.28,287.0
8.29,-1445.0
8.3,911.0
8.31,70.0
8.32,1029.0
8.33,312.0
8.34,-501.0
8.35,-658.0
8.36,-703.0
8.37,2037.0
8.38,-1684.0
8.39,-583.0
8.4,1399.0
8.41,-681.0
8.42,-834.0
8.43,-52.0
8.44,-510.0
8.45,1052.0
8.46,77.0
8.47,-642.0
8.48,2003.0
8.49,-133.0
8.5,-1089.0
8.51,-1788.0
8.52,807.0
8.53,1524.0
8.54,-2092.0
8.55,2039.0
8.56,270.0
8.57,-1675.0
8.58,707.0
8.59,1229.0
8.6,-1068.0
8.61,-3705.0
8.62,2167.0
8.63,1174.0
8.64,370.0
8.65,-663.0
8.66,-1317.0
8.67,888.0
8.68,471.0
8.69,1740.0
8.7,-1640.0
8.71,-192.0
8.72,995.0
8.73,1737.0
8.74,1098.0
8.75,-4483.0
8.76,696.0
8.77,1559.0
8.78,-2209.0
8.79,1471.0
8.8,168.0
8.81,1069.0
8.82,-670.0
8.83,-1124.0
8.84,961.0
8.85,-1326.0
8.86,726.0
8.87,-3.0
8.88,-541.0
8.89,-450.0
8.9,-253.0
8.91,408.0
8.92,909.0
8.93,-1354.0
8.94,-1355.0
8.95,2603.0
8.96,1934.0
8.97,-1296.0
8.98,-1396.0
8.99,-155.0
9.0,-224.0
9.01,908.0
9.02,153.0
9.03,-1094.0
9.04,670.0
9.05,808.0
9.06,-2072.0
9.07,22.0
9.08,1416.0
9.09,192.0
9.1,378.0
9.11,-1253.0
9.12,19.0
9.13,-32.0
9.14,433.0
9.15,-391.0
9.16,-326.0
9.17,-529.0
9.18,1697.0
9.19,2447.0
9.2,-3145.0
9.21,1597.0
9.22,935.0
9.23,-1341.0
9.24,-1434.0
9.25,-748.0
9.26,1467.0
9.27,-1819.0
9.28,-284.0
9.29,1451.0
9.3,3396.0
9.31,224.0
9.32,-1849.0
9.33,-1150.0
9.34,1585.0
9.35,930.0
9.36,-2758.0
9.37,-845.0
9.38,294.0
9.39,2903.0
9.4,1230.0
9.41,-2130.0
9.42,-2947.0
9.43,1802.0
9.44,-388.0
9.45,-114.0
9.46,-241.0
9.47,566.0
9.48,1637.0
9.49,-1613.0
9.5,1748.0
9.51,-1577.0
9.52,127.0
9.53,-582.0
9.54,-1837.0
9.55,1443.0
9.56,1078.0
9.57,2022.0
9.58,-617.0
9.59,-1129.0
9.6,1065.0
9.61,-1025.0
9.62,-1583.0
9.63,2409.0
9.64,951.0
9.65,-3155.0
9.66,-1897.0
9.67,897.0
9.68,998.0
9.69,749.0
9.7,2250.0
9.71,-1234.0
9.72,-2299.0
9.73,3309.0
9.74,-334.0
9.75,-2815.0
9.76,2641.0
9.77,1275.0
9.78,-2089.0
9.79,-2416.0
9.8,265.0
9.81,3151.0
9.82,2092.0
9.83,-1726.0
9.84,-3547.0
9.85,638.0
9.86,1196.0
9.87,-3280.0
9.88,-444.0
9.89,3548.0
9.9,1468.0
9.91,-1478.0
9.92,137.0
9.93,-412.0
9.94,760.0
9.95,-169.0
9.96,-912.0
9.97,1678.0
9.98,-2567.0
9.99,-765.0
10.0,-364.0
10.01,2395.0
10.02,2732.0
10.03,-1607.0
10.04,-1342.0
10.05,1162.0
10.06,2159.0
10.07,-3243.0
10.08,-939.0
10.09,1112.0
10.1,1608.0
10.11,-676.0
10.12,-2935.0
10.13,2096.0
10.14,763.0
10.15,-398.0
10.16,-448.0
10.17,-1649.0
10.18,1298.0
10.19,1482.0
10.2,-415.0
10.21,-1078.0
10.22,348.0
10.23,601.0
10.24,-891.0
10.25,1388.0
10.26,-2060.0
10.27,-1342.0
10.28,2375.0
10.29,-802.0
10.3,-140.0
10.31,2120.0
10.32,-506.0
10.33,-804.0
10.34,441.0
10.35,-1969.0
10.36,1418.0
10.37,263.0
10.38,-292.0
10.39,1184.0
10.4,-2353.0
10.41,1866.0
10.42,2399.0
10.43,-539.0
10.44,-1086.0
10.45,-504.0
10.46,1007.0
10.47,-989.0
10.48,-1118.0
10.49,-1360.0
10.5,1541.0
10.51,1161.0
10.52,-3409.0
10.53,-327.0
10.54,2684.0
10.55,1104.0
10.56,-3030.0
10.57,-327.0
10.58,4426.0
10.59,693.0
10.6,-2305.0
10.61,-857.0
10.62,1755.0
10.63,1509.0
10.64,263.0
10.65,-2648.0
10.66,-2591.0
10.67,2355.0
10.68,1181.0
10.69,-963.0
10.7,-1124.0
10.71,1619.0
10.72,2924.0
10.73,-1253.0
10.74,-2795.0
10.75,13.0
10.76,1952.0
10.77,1276.0
10.78,-1618.0
10.79,-964.0
10.8,735.0
10.81,803.0
10.82,-41.0
10.83,-2750.0
10.84,1222.0
10.85,569.0
10.86,-474.0
10.87,1126.0
10.88,-925.0
10.89,-1787.0
10.9,54.0
10.91,937.0
10.92,-491.0
10.93,-1426.0
10.94,997.0
10.95,4357.0
10.96,-1548.0
10.97,-2020.0
10.98,1211.0
10.99,1367.0
11.0,-883.0
11.01,-2681.0
11.02,12.0
11.03,1538.0
11.04,1095.0
11.05,-1210.0
11.06,-864.0
11.07,140.0
11.08,1258.0
11.09,-1987.0
11.1,-8.0
11.11,2174.0
11.12,309.0
11.13,881.0
11.14,-2729.0
11.15,-480.0
11.16,2621.0
11.17,-772.0
11.18,-1063.0
11.19,1077.0
11.2,1886.0
11.21,-1183.0
11.22,-3749.0
11.23,3361.0
11.24,302.0
11.25,-99.0
11.26,1527.0
11.27,-4569.0
11.28,1389.0
11.29,84.0
11.3,1622.0
11.31,288.0
11.32,-2414.0
11.33,2539.0
11.34,440.0
11.35,-240.0
11.36,-2967.0
11.37,816.0
11.38,-1106.0
11.39,249.0
11.4,2750.0
11.41,-1874.0
11.42,326.0
11.43,-584.0
11.44,806.0
11.45,-193.0
11.46,-281.0
11.47,-666.0
11.48,506.0
11.49,1435.0
11.5,-2317.0
11.51,482.0
11.52,703.0
11.53,1067.0
11.54,-112.0
11.55,-630.0
11.56,2219.0
11.57,-1133.0
11.58,-495.0
11.59,1544.0
11.6,-1528.0
11.61,-234.0
11.62,231.0
11.63,-431.0
11.64,-1500.0
11.65,501.0
11.66,1295.0
11.67,-2825.0
11.68,2619.0
11.69,2309.0
11.7,-1389.0
11.71,-900.0
11.72,-627.0
11.73,175.0
11.74,1395.0
11.75,95.0
11.76,-2294.0
11.77,-173.0
11.78,-129.0
11.79,1660.0
11.8,1337.0
11.81,-739.0
11.82,-1350.0
11.83,-1052.0
11.84,3284.0
11.85,705.0
11.86,-2971.0
11.87,976.0
11.88,1265.0
11.89,-1268.0
11.9,-977.0
11.91,826.0
11.92,758.0
11.93,-1907.0
11.94,1420.0
11.95,657.0
11.96,-1418.0
11.97,602.0
11.98,-1428.0
11.99,1452.0
12.0,381.0
12.01,-2164.0
12.02,-1209.0
12.03,2943.0
12.04,1247.0
12.05,-1952.0
12.06,-1322.0
12.07,-1056.0
12.08,2888.0
12.09,758.0
12.1,-554.0
12.11,598.0
12.12,1812.0
12.13,-1962.0
12.14,-1500.0
12.15,-568.0
12.16,-1269.0
12.17,1242.0
12.18,-853.0
12.19,719.0
12.2,2488.0
12.21,151.0
12.22,-1813.0
12.23,615.0
12.24,540.0
12.25,-1572.0
12.26,-1510.0
12.27,1519.0
12.28,1438.0
12.29,-2654.0
12.3,687.0
12.31,1857.0
12.32,20.0
12.33,-1031.0
12.34,-1909.0
12.35,1142.0
12.36,2650.0
12.37,-318.0
12.38,-907.0
12.39,2450.0
12.4,-88.0
12.41,-1856.0
12.42,-341.0
12.43,-1083.0
12.44,427.0
12.45,1974.0
12.46,-1335.0
12.47,-3071.0
12.48,2458.0
12.49,1820.0
12.5,-1567.0
12.51,-409.0
12.52,-72.0
12.53,1270.0
12.54,198.0
12.55,141.0
12.56,1312.0
12.57,-2595.0
12.58,-380.0
12.59,2027.0
12.6,-688.0
12.61,24.0
12.62,93.0
12.63,-1015.0
12.64,1181.0
12.65,133.0
12.66,-1010.0
12.67,362.0
12.68,-3100.0
12.69,277.0
12.7,2639.0
12.71,-1072.0
12.72,-337.0
12.73,1648.0
12.74,-1762.0
12.75,498.0
12.76,818.0
12.77,132.0
12.78,2554.0
12.79,-2213.0
12.8,-894.0
12.81,-1003.0
12.82,513.0
12.83,1442.0
12.84,-1372.0
12.85,1485.0
12.86,-661.0
12.87,-1256.0
12.88,-599.0
12.89,147.0
12.9,1537.0
12.91,-3331.0
12.92,1447.0
12.93,910.0
12.94,-114.0
12.95,1504.0
12.96,-2421.0
12.97,2680.0
12.98,692.0
12.99,-818.0
13.0,749.0
13.01,347.0
13.02,1578.0
13.03,-2055.0
13.04,-1369.0
13.05,-936.0
13.06,101.0
13.07,2624.0
13.08,-1034.0
13.09,-236.0
13.1,-510.0
13.11,-834.0
13.12,613.0
13.13,1457.0
13.14,477.0
13.15,-2726.0
13.16,1563.0
13.17,1082.0
13.18,-2414.0
13.19,-2176.0
13.2,1966.0
13.21,4233.0
13.22,-2293.0
13.23,-1395.0
13.24,1662.0
13.25,-2665.0
13.26,-1113.0
13.27,4265.0
13.28,1026.0
13.29,-1432.0
13.3,-2682.0
13.31,-127.0
13.32,2064.0
13.33,240.0
13.34,-763.0
13.35,-276.0
13.36,1583.0
13.37,-1726.0
13.38,-196.0
13.39,-345.0
13.4,706.0
13.41,2026.0
13.42,-652.0
13.43,-1868.0
13.44,1979.0
13.45,1143.0
13.46,-4179.0
13.47,1199.0
13.48,201.0
13.49,64.0
13.5,-483.0
13.51,184.0
13.52,2477.0
13.53,-74.0
13.54,2145.0
13.55,-1986.0
13.56,-2555.0
13.57,945.0
13.58,-1712.0
13.59,734.0
13.6,1345.0
13.61,-957.0
13.62,-1035.0
13.63,-1089.0
13.64,3198.0
13.65,316.0
13.66,-3389.0
13.67,898.0
13.68,196.0
13.69,1026.0
13.7,1413.0
13.71,-1177.0
13.72,-467.0
13.73,941.0
13.74,667.0
13.75,-2027.0
13.76,829.0
13.77,1514.0
13.78,-737.0
13.79,234.0
13.8,-4047.0
13.81,917.0
13.82,5141.0
13.83,-966.0
13.84,-1206.0
13.85,568.0
13.86,-2.0
13.87,-1251.0
13.88,858.0
13.89,2125.0
13.9,-1658.0
13.91,-1524.0
13.92,242.0
13.93,-799.0
13.94,1756.0
13.95,1016.0
13.96,-1397.0
13.97,-533.0
13.98,-941.0
13.99,-1746.0
14.0,1850.0
14.01,649.0
14.02,-2329.0
14.03,2466.0
14.04,664.0
14.05,-949.0
14.06,710.0
14.07,436.0
14.08,601.0
14.09,-806.0
14.1,-98.0
14.11,1325.0
14.12,26.0
14.13,-1221.0
14.14,-601.0
14.15,814.0
14.16,719.0
14.17,-1519.0
14.18,846.0
14.19,-408.0
14.2,-615.0
14.21,1413.0
14.22,-333.0
14.23,-709.0
14.24,-11.0
14.25,977.0
14.26,-1507.0
14.27,-162.0
14.28,-42.0
14.29,1067.0
14.3,771.0
14.31,-2961.0
14.32,1148.0
14.33,662.0
14.34,-1302.0
14.35,247.0
14.36,1957.0
14.37,-265.0
14.38,-1333.0
14.39,720.0
14.4,-1349.0
14.41,451.0
14.42,1473.0
14.43,-1300.0
14.44,-1186.0
14.45,352.0
14.46,322.0
14.47,-363.0
14.48,1433.0
14.49,1639.0
14.5,-2740.0
14.51,-1449.0
14.52,1410.0
14.53,1021.0
14.54,-892.0
14.55,-785.0
14.56,740.0
14.57,-588.0
14.58,807.0
14.59,906.0
14.6,781.0
14.61,1044.0
14.62,-620.0
14.63,-1434.0
14.64,-54.0
14.65,559.0
14.66,-123.0
14.67,-396.0
14.68,977.0
14.69,388.0
14.7,-1235.0
14.71,-348.0
14.72,-1025.0
14.73,-620.0
14.74,1908.0
14.75,2095.0
14.76,-746.0
14.77,-985.0
14.78,1412.0
14.79,-772.0
14.8,-3266.0
14.81,1336.0
14.82,1834.0
14.83,-2210.0
14.84,-456.0
14.85,2448.0
14.86,-956.0
14.87,-744.0
14.88,238.0
14.89,120.0
14.9,1123.0
14.91,243.0
14.92,655.0
14.93,-1433.0
14.94,-538.0
14.95,1864.0
14.96,-164.0
14.97,-611.0
14.98,-17.0
14.99,-1968.0
15.0,-60.0
15.01,1223.0
15.02,1160.0
15.03,-173.0
15.04,-1735.0
15.05,-852.0
15.06,2611.0
15.07,1123.0
15.08,-1724.0
15.09,1177.0
15.1,1605.0
15.11,-396.0
15.12,-2352.0
15.13,1351.0
15.14,148.0
15.15,-688.0
15.16,236.0
15.17,-875.0
15.18,239.0
15.19,191.0
15.2,-1396.0
15.21,974.0
15.22,1395.0
15.23,-1822.0
15.24,298.0
15.25,-886.0
15.26,553.0
15.27,1871.0
15.28,1092.0
15.29,-1250.0
15.3,-3002.0
15.31,53.0
15.32,2084.0
15.33,1047.0
15.34,-1754.0
15.35,19.0
15.36,245.0
15.37,-1852.0
15.38,1404.0
15.39,533.0
15.4,-466.0
15.41,1927.0
15.42,-42.0
15.43,704.0
15.44,-1329.0
15.45,-844.0
15.46,-1370.0
15.47,1452.0
15.48,1512.0
15.49,-1458.0
15.5,1799.0
15.51,-2550.0
15.52,130.0
15.53,265.0
15.54,-1292.0
15.55,96.0
15.56,-164.0
15.57,1634.0
15.58,-1198.0
15.59,-799.0
15.6,526.0
15.61,557.0
15.62,1062.0
15.63,-1949.0
15.64,311.0
15.65,1431.0
15.66,-386.0
15.67,-28.0
15.68,-523.0
15.69,894.0
15.7,-1296.0
15.71,885.0
15.72,-1986.0
15.73,-1243.0
15.74,4398.0
15.75,709.0
15.76,720.0
15.77,-2613.0
15.78,-3046.0
15.79,548.0
15.8,608.0
15.81,-399.0
15.82,1332.0
15.83,1326.0
15.84,1025.0
15.85,502.0
15.86,-1391.0
15.87,-223.0
15.88,1519.0
15.89,-252.0
15.9,-2798.0
15.91,-228.0
15.92,-379.0
15.93,802.0
15.94,3726.0
15.95,-586.0
15.96,-1301.0
15.97,1024.0
15.98,-1130.0
15.99,-1405.0
16.0,2143.0
16.01,139.0
16.02,-3875.0
16.03,-216.0
16.04,682.0
16.05,2033.0
16.06,1536.0
16.07,-632.0
16.08,1305.0
16.09,-1232.0
16.1,1578.0
16.11,-872.0
16.12,-1788.0
16.13,721.0
16.14,-86.0
16.15,594.0
16.16,103.0
16.17,163.0
16.18,-2892.0
16.19,2235.0
16.2,-123.0
16.21,-2054.0
16.22,1449.0
16.23,1273.0
16.24,190.0
16.25,-1349.0
16.26,-416.0
16.27,-338.0
16.28,156.0
16.29,-1880.0
16.3,2366.0
16.31,1604.0
16.32,-2806.0
16.33,-952.0
16.34,-1284.0
16.35,1800.0
16.36,2511.0
16.37,-454.0
16.38,-226.0
16.39,17.0
16.4,836.0
16.41,634.0
16.42,1205.0
16.43,-1272.0
16.44,-2359.0
16.45,1735.0
16.46,-1946.0
16.47,-1190.0
16.48,740.0
16.49,534.0
